{
 "ds": [
  0.1,
  0.3,
  0.5,
  0.7,
  0.9
 ],
 "Cn": {
  "1": {
   "0.1": {
    "I_lb": 0.9000000000000002,
    "maxD_ub": 0.9000000000000002,
    "iters": 1
   },
   "0.3": {
    "I_lb": 0.6999999999999995,
    "maxD_ub": 0.6999999999999995,
    "iters": 1
   },
   "0.5": {
    "I_lb": 0.5,
    "maxD_ub": 0.5,
    "iters": 1
   },
   "0.7": {
    "I_lb": 0.30000000000000004,
    "maxD_ub": 0.30000000000000004,
    "iters": 1
   },
   "0.9": {
    "I_lb": 0.09999999999999998,
    "maxD_ub": 0.09999999999999998,
    "iters": 1
   }
  },
  "2": {
   "0.1": {
    "I_lb": 1.7134623151325576,
    "maxD_ub": 1.7134630577814183,
    "iters": 8
   },
   "0.3": {
    "I_lb": 1.2207433791867137,
    "maxD_ub": 1.2207441931098886,
    "iters": 19
   },
   "0.5": {
    "I_lb": 0.8304820237186858,
    "maxD_ub": 0.8304827779688821,
    "iters": 42
   },
   "0.7": {
    "I_lb": 0.5150141554147787,
    "maxD_ub": 0.5150151170635826,
    "iters": 104
   },
   "0.9": {
    "I_lb": 0.18999947906502487,
    "maxD_ub": 0.19000046199508502,
    "iters": 177
   }
  },
  "3": {
   "0.1": {
    "I_lb": 2.4830374780761995,
    "maxD_ub": 2.4830378432265574,
    "iters": 10
   },
   "0.3": {
    "I_lb": 1.668472283282597,
    "maxD_ub": 1.668473037746796,
    "iters": 28
   },
   "0.5": {
    "I_lb": 1.095807177230149,
    "maxD_ub": 1.095808128594932,
    "iters": 78
   },
   "0.7": {
    "I_lb": 0.6814163930091883,
    "maxD_ub": 0.6814173905293872,
    "iters": 286
   },
   "0.9": {
    "I_lb": 0.2710047325385969,
    "maxD_ub": 0.2710057217523427,
    "iters": 206
   }
  },
  "4": {
   "0.1": {
    "I_lb": 3.2218683255388436,
    "maxD_ub": 3.221868837669129,
    "iters": 12
   },
   "0.3": {
    "I_lb": 2.073490476730159,
    "maxD_ub": 2.0734913938498423,
    "iters": 42
   },
   "0.5": {
    "I_lb": 1.3293650128259324,
    "maxD_ub": 1.3293659533451798,
    "iters": 163
   },
   "0.7": {
    "I_lb": 0.8243631498796273,
    "maxD_ub": 0.8243641496546954,
    "iters": 1021
   },
   "0.9": {
    "I_lb": 0.3439862260025911,
    "maxD_ub": 0.34398721884770045,
    "iters": 945
   }
  },
  "5": {
   "0.1": {
    "I_lb": 3.9374797762488596,
    "maxD_ub": 3.937480247818546,
    "iters": 13
   },
   "0.3": {
    "I_lb": 2.449984617207455,
    "maxD_ub": 2.4499855695159334,
    "iters": 55
   },
   "0.5": {
    "I_lb": 1.5439208981409105,
    "maxD_ub": 1.5439218751916366,
    "iters": 297
   },
   "0.7": {
    "I_lb": 0.9529182739007079,
    "maxD_ub": 0.952919273283916,
    "iters": 2754
   },
   "0.9": {
    "I_lb": 0.40993963115337606,
    "maxD_ub": 0.4102447221183376,
    "iters": 3000
   }
  },
  "6": {
   "0.1": {
    "I_lb": 4.634863323350961,
    "maxD_ub": 4.634864142267137,
    "iters": 14
   },
   "0.3": {
    "I_lb": 2.8060875926769775,
    "maxD_ub": 2.806088502263237,
    "iters": 79
   },
   "0.5": {
    "I_lb": 1.745649427606744,
    "maxD_ub": 1.745650415860105,
    "iters": 623
   },
   "0.7": {
    "I_lb": 1.0732837911040942,
    "maxD_ub": 1.0732869425271492,
    "iters": 3000
   },
   "0.9": {
    "I_lb": 0.47003951179884584,
    "maxD_ub": 0.47010148342350844,
    "iters": 3000
   }
  },
  "7": {
   "0.1": {
    "I_lb": 5.317561575579894,
    "maxD_ub": 5.317562276163033,
    "iters": 15
   },
   "0.3": {
    "I_lb": 3.1469507455647143,
    "maxD_ub": 3.146951699459432,
    "iters": 117
   },
   "0.5": {
    "I_lb": 1.9379704535227638,
    "maxD_ub": 1.937971452629692,
    "iters": 1173
   },
   "0.7": {
    "I_lb": 1.1865034543772797,
    "maxD_ub": 1.1939994513282262,
    "iters": 3000
   },
   "0.9": {
    "I_lb": 0.5251533278778814,
    "maxD_ub": 0.525223791896746,
    "iters": 3000
   }
  },
  "8": {
   "0.1": {
    "I_lb": 5.988198602562139,
    "maxD_ub": 5.988199523432822,
    "iters": 16
   },
   "0.3": {
    "I_lb": 3.476040293618401,
    "maxD_ub": 3.4760412389547337,
    "iters": 169
   },
   "0.5": {
    "I_lb": 2.1230061660566677,
    "maxD_ub": 2.1230071657728997,
    "iters": 2097
   },
   "0.7": {
    "I_lb": 1.2946997511581224,
    "maxD_ub": 1.2947305080836804,
    "iters": 3000
   },
   "0.9": {
    "I_lb": 0.5765130878078255,
    "maxD_ub": 0.5765644545462743,
    "iters": 3000
   }
  },
  "9": {
   "0.1": {
    "I_lb": 6.648777848101809,
    "maxD_ub": 6.648778733769634,
    "iters": 19
   },
   "0.3": {
    "I_lb": 3.7957890935716314,
    "maxD_ub": 3.7957900828884394,
    "iters": 238
   },
   "0.5": {
    "I_lb": 2.30217570119303,
    "maxD_ub": 2.3021835158394337,
    "iters": 3000
   },
   "0.7": {
    "I_lb": 1.3990227911931732,
    "maxD_ub": 1.4018345242260457,
    "iters": 3000
   },
   "0.9": {
    "I_lb": 0.6244635534308838,
    "maxD_ub": 0.6246923181597168,
    "iters": 3000
   }
  },
  "10": {
   "0.1": {
    "I_lb": 7.300864547820954,
    "maxD_ub": 7.300865485217863,
    "iters": 22
   },
   "0.3": {
    "I_lb": 4.107961400795684,
    "maxD_ub": 4.107962391285057,
    "iters": 333
   },
   "0.5": {
    "I_lb": 2.4764871109651754,
    "maxD_ub": 2.476651879492345,
    "iters": 3000
   },
   "0.7": {
    "I_lb": 1.4998629050053043,
    "maxD_ub": 1.5049872060922542,
    "iters": 3000
   },
   "0.9": {
    "I_lb": 0.6701775869175592,
    "maxD_ub": 0.6705011728345953,
    "iters": 3000
   }
  },
  "11": {
   "0.1": {
    "I_lb": 7.94570427468272,
    "maxD_ub": 7.945705257987017,
    "iters": 25
   },
   "0.3": {
    "I_lb": 4.413871726384379,
    "maxD_ub": 4.4138727066706736,
    "iters": 463
   },
   "0.5": {
    "I_lb": 2.6466859609117788,
    "maxD_ub": 2.6475571032760303,
    "iters": 3000
   },
   "0.7": {
    "I_lb": 1.597850648628588,
    "maxD_ub": 1.5994225309240981,
    "iters": 3000
   },
   "0.9": {
    "I_lb": 0.7134783936159957,
    "maxD_ub": 0.714039135821384,
    "iters": 3000
   }
  },
  "12": {
   "0.1": {
    "I_lb": 8.584303379890013,
    "maxD_ub": 8.584304156055316,
    "iters": 29
   },
   "0.3": {
    "I_lb": 4.714522573295572,
    "maxD_ub": 4.714523568936375,
    "iters": 637
   },
   "0.5": {
    "I_lb": 2.8133438349480233,
    "maxD_ub": 2.8144676176593233,
    "iters": 3000
   },
   "0.7": {
    "I_lb": 1.6936018846821619,
    "maxD_ub": 1.7000933998774421,
    "iters": 3000
   },
   "0.9": {
    "I_lb": 0.755486434777681,
    "maxD_ub": 0.7557997346887708,
    "iters": 3000
   }
  }
 },
 "H_bin": {
  "1": {
   "0.1": 0.4689955935892811,
   "0.3": 0.8812908992306927,
   "0.5": 1.0,
   "0.7": 0.8812908992306927,
   "0.9": 0.4689955935892811
  },
  "2": {
   "0.1": 0.7579911871785623,
   "0.3": 1.3425817984613853,
   "0.5": 1.5,
   "0.7": 1.3425817984613855,
   "0.9": 0.7579911871785623
  },
  "3": {
   "0.1": 0.9790469055731312,
   "0.3": 1.6453463222377493,
   "0.5": 1.811278124459133,
   "0.7": 1.6453463222377493,
   "0.9": 0.9790469055731312
  },
  "4": {
   "0.1": 1.1599531968220766,
   "0.3": 1.8667825192319525,
   "0.5": 2.0306390622295662,
   "0.7": 1.866782519231953,
   "0.9": 1.1599531968220766
  },
  "5": {
   "0.1": 1.313148413090031,
   "0.3": 2.039415141444396,
   "0.5": 2.198192411043098,
   "0.7": 2.039415141444396,
   "0.9": 1.3131484130900306
  },
  "6": {
   "0.1": 1.4457400476662123,
   "0.3": 2.1798806660564694,
   "0.5": 2.3333620347709894,
   "0.7": 2.17988066605647,
   "0.9": 1.4457400476662121
  },
  "7": {
   "0.1": 1.5623101262796508,
   "0.3": 2.2977764318903824,
   "0.5": 2.4466397511588904,
   "0.7": 2.2977764318903824,
   "0.9": 1.5623101262796508
  },
  "8": {
   "0.1": 1.6660347427781685,
   "0.3": 2.399099700907849,
   "0.5": 2.544197507453808,
   "0.7": 2.399099700907849,
   "0.9": 1.6660347427781685
  },
  "9": {
   "0.1": 1.7592264797838288,
   "0.3": 2.487817201592557,
   "0.5": 2.6299275041433234,
   "0.7": 2.4878172015925575,
   "0.9": 1.7592264797838288
  },
  "10": {
   "0.1": 1.8436306064892136,
   "0.3": 2.566668139157501,
   "0.5": 2.706428963227331,
   "0.7": 2.5666681391575015,
   "0.9": 1.8436306064892138
  },
  "11": {
   "0.1": 1.9206007579383593,
   "0.3": 2.6376104094834782,
   "0.5": 2.775521401137926,
   "0.7": 2.637610409483478,