{
 "n=12": {
  "H_bin": {
   "0.05": 1.4611407616927243,
   "0.1": 1.991209728020215,
   "0.2": 2.481495876110146,
   "0.3": 2.7020842156093847
  },
  "I_bits": {
   "0.15": {
    "0.05": 6.9182464620185975,
    "0.1": 6.245230520635928,
    "0.2": 5.142946100816452,
    "0.3": 4.249794285266857
   },
   "0.2": {
    "0.05": 7.93075577373239,
    "0.1": 7.067489449243436,
    "0.2": 5.656141074536096,
    "0.3": 4.527774326399175
   },
   "0.25": {
    "0.05": 8.712813128435528,
    "0.1": 7.676529504300347,
    "0.2": 5.987940128041349,
    "0.3": 4.656942408347891
   },
   "0.3": {
    "0.05": 9.3019186506065,
    "0.1": 8.110562934091515,
    "0.2": 6.1783452567719515,
    "0.3": 4.677884342938951
   },
   "0.35": {
    "0.05": 9.721753516908334,
    "0.1": 8.394149352809718,
    "0.2": 6.253485883802821,
    "0.3": 4.61682154877528
   },
   "0.4": {
    "0.05": 9.988070671161537,
    "0.1": 8.544100855263812,
    "0.2": 6.231645227527267,
    "0.3": 4.491834540051724
   },
   "0.45": {
    "0.05": 10.111502410535408,
    "0.1": 8.57231334840876,
    "0.2": 6.1261954329421835,
    "0.3": 4.3159417976992165
   },
   "0.5": {
    "0.05": 10.099011365941369,
    "0.1": 8.48725504642831,
    "0.2": 5.947183826886157,
    "0.3": 4.0987942611290435
   }
  },
  "genie_bound": {
   "0.15": {
    "0.05": 0.45475880836048943,
    "0.1": 0.3545017327179761,
    "0.2": 0.22178751872552552,
    "0.3": 0.1289758391381227
   },
   "0.2": {
    "0.05": 0.5391345843366387,
    "0.1": 0.4230233101019351,
    "0.2": 0.26455376653549584,
    "0.3": 0.15214084256581586
   },
   "0.25": {
    "0.05": 0.6043060305619002,
    "0.1": 0.4737766480233443,
    "0.2": 0.2922036876609336,
    "0.3": 0.16290484939487557
   },
   "0.3": {
    "0.05": 0.6533981574094814,
    "0.1": 0.5099461005059417,
    "0.2": 0.3080707817218171,
    "0.3": 0.16465001061079718
   },
   "0.35": {
    "0.05": 0.6883843962679675,
    "0.1": 0.5335783020657919,
    "0.2": 0.3143325006410562,
    "0.3": 0.15956144443049128
   },
   "0.4": {
    "0.05": 0.7105774924557343,
    "0.1": 0.5460742606036331,
    "0.2": 0.31251244595142674,
    "0.3": 0.14914586037019495
   },
   "0.45": {
    "0.05": 0.7208634707368903,
    "0.1": 0.5484253016990455,
    "0.2": 0.30372496306933644,
    "0.3": 0.1344881318408193
   },
   "0.5": {
    "0.05": 0.7198225503540536,
    "0.1": 0.5413371098673412,
    "0.2": 0.28880732923133423,
    "0.3": 0.1163925037933049
   }
  },
  "timing_sec": 0.3
 },
 "n=14": {
  "H_bin": {
   "0.05": 1.5791809726246693,
   "0.1": 2.1166478594614446,
   "0.2": 2.599736696913537,
   "0.3": 2.8157199605882792
  },
  "I_bits": {
   "0.26": {
    "0.05": 10.202655608455261,
    "0.1": 8.907157152590715,
    "0.2": 6.841199384399648,
    "0.3": 5.246577933433737
   },
   "0.28": {
    "0.05": 10.487453833022403,
    "0.1": 9.116705393404143,
    "0.2": 6.933290024149704,
    "0.3": 5.257559612056308
   },
   "0.3": {
    "0.05": 10.739003337304812,
    "0.1": 9.296599121904782,
    "0.2": 7.002352765241637,
    "0.3": 5.251850693744601
   },
   "0.32": {
    "0.05": 10.958823118360097,
    "0.1": 9.448418103573628,
    "0.2": 7.050085122835654,
    "0.3": 5.231154725624332
   },
   "0.34": {
    "0.05": 11.1482082724741,
    "0.1": 9.573525476401661,
    "0.2": 7.077964720989607,
    "0.3": 5.196944343643049
   },
   "0.36": {
    "0.05": 11.30826724261627,
    "0.1": 9.673104983000478,
    "0.2": 7.087287878021458,
    "0.3": 5.150502117604106
   },
   "0.38": {
    "0.05": 11.439950258194198,
    "0.1": 9.748189483433855,
    "0.2": 7.079199388472622,
    "0.3": 5.092952292558504
   },
   "0.4": {
    "0.05": 11.54407126621965,
    "0.1": 9.79968305409909,
    "0.2": 7.0547158376817976,
    "0.3": 5.025285816193135
   },
   "0.42": {
    "0.05": 11.621324947234871,
    "0.1": 9.828378273206704,
    "0.2": 7.014744077357788,
    "0.3": 4.948380326045902
   },
   "0.44": {
    "0.05": 11.67229993783298,
    "0.1": 9.834969823447091,
    "0.2": 6.960096018885704,
    "0.3": 4.8630162921539055
   },
   "0.46": {
    "0.05": 11.697489058202631,
    "0.1": 9.820065221235573,
    "0.2": 6.891500579383363,
    "0.3": 4.769890183945384
   },
   "0.48": {
    "0.05": 11.697297115329135,
    "0.1": 9.784193257086496,
    "0.2": 6.809613391360653,
    "0.3": 4.669625302280251
   },
   "0.5": {
    "0.05": 11.672046687266025,
    "0.1": 9.727810570306854,
    "0.2": 6.7150247274276404,
    "0.3": 4.562780755607308
   },
   "0.27": {
    "0.05": 10.34931574340262,
    "0.1": 9.015746531438346,
    "0.2": 6.890239162119883,
    "0.3": 5.254271944278613
   },
   "0.275": {
    "0.05": 10.419436244268335,
    "0.1": 9.067165556474361,
    "0.2": 6.912498034195943,
    "0.3": 5.25645125388562
   },
   "0.285": {
    "0.05": 10.553394700618608,
    "0.1": 9.164393111230869,
    "0.2": 6.952644081375912,
    "0.3": 5.257626185195798
   },
   "0.29": {
    "0.05": 10.617283980553381,
    "0.1": 9.210254750247637,
    "0.2": 6.970588108156896,
    "0.3": 5.256679039568353
   },
   "0.35": {
    "0.05": 11.231840717366655,
    "0.1": 9.626438408696412,
    "0.2": 7.084871053865757,
    "0.3": 5.175178556453437
   },
   "0.355": {
    "0.05": 11.270947385956932,
    "0.1": 9.650544507590697,
    "0.2": 7.086631798085231,
    "0.3": 5.163195476910722
   },
   "0.365": {
    "0.05": 11.34381426445344,
    "0.1": 9.694135146313227,
    "0.2": 7.086856353013468,
    "0.3": 5.137115181042947
   },
   "0.37": {
    "0.05": 11.377601899176717,
    "0.1": 9.71364980874586,
    "0.2": 7.085353784489184,
    "0.3": 5.123050852071924
   },
   "0.43": {
    "0.05": 11.650064334018507,
    "0.1": 9.834397103107626,
    "0.2": 6.989207206352151,
    "0.3": 4.906710265988719
   },
   "0.435": {
    "0.05": 11.66199130983668,
    "0.1": 9.835359528130729,
    "0.2": 6.975092753634867,
    "0.3": 4.885110874410856
   },
   "0.445": {
    "0.05": 11.680997377410488,
    "0.1": 9.833236992455255,
    "0.2": 6.94422792952479,
    "0.3": 4.840436936342888
   },
   "0.45": {
    "0.05": 11.688090445390516,
    "0.1": 9.830169732157472,
    "0.2": 6.927499127782042,
    "0.3": 4.817382939409054
   },
   "0.455": {
    "0.05": 11.693585622301661,
    "0.1": 9.825776440158352,
    "0.2": 6.9099199789755685,
    "0.3": 4.793864158413001
   },
   "0.465": {
    "0.05": 11.699806578055492,
    "0.1": 9.813043893500797,
    "0.2": 6.8722507637285934,
    "0.3": 4.745470348627407
   },
   "0.47": {
    "0.05": 11.700543686666412,
    "0.1": 9.804719994169123,
    "0.2": 6.852180112298221,
    "0.3": 4.720613735231781
   }
  },
  "genie_bound": {
   "0.26": {
    "0.05": 0.6159624739878994,
    "0.1": 0.4850363780806622,
    "0.2": 0.3029616205347222,
    "0.3": 0.1736327123461041
   },
   "0.28": {
    "0.05": 0.6363052043141239,
    "0.1": 0.5000041095673355,
    "0.2": 0.30953952337401197,
    "0.3": 0.17441711796200207
   },
   "0.3": {
    "0.05": 0.6542730260485816,
    "0.1": 0.5128536616030955,
    "0.2": 0.31447257630915004,
    "0.3": 0.1740093380825944
   },
   "0.32": {
    "0.05": 0.669974438981102,
    "0.1": 0.5236978745794417,
    "0.2": 0.3178820304230084,
    "0.3": 0.17253105464543236
   },
   "0.34": {
    "0.05": 0.6835019499892451,
    "0.1": 0.5326341154957298,
    "0.2": 0.3198734302911479,
    "0.3": 0.1700874559324836
   },
   "0.36": {
    "0.05": 0.6949347335708286,
    "0.1": 0.5397469373956453,
    "0.2": 0.32053937007913724,
    "0.3": 0.16677015407255907
   },
   "0.38": {
    "0.05": 0.7043406632549664,
    "0.1": 0.5451101159980293,
    "0.2": 0.31996162082564894,
    "0.3": 0.1626594522835875
   },
   "0.4": {
    "0.05": 0.7117778781139271,
    "0.1": 0.5487882281884032,
    "0.2": 0.3182127957691615,
    "0.3": 0.15782613254320396
   },
   "0.42": {
    "0.05": 0.717295998186443,
    "0.1": 0.55083788669609,
    "0.2": 0.31535767003173226,
    "0.3": 0.15233288324697303
   },
   "0.44": {
    "0.05": 0.7209370689434508,
    "0.1": 0.5513087117132605,
    "0.2": 0.31145423728372623,