{
 "ds": [
  0.1,
  0.3,
  0.5,
  0.7,
  0.9
 ],
 "iid": {
  "1": {
   "0.1": 0.9,
   "0.3": 0.7,
   "0.5": 0.5,
   "0.7": 0.30000000000000004,
   "0.9": 0.09999999999999998
  },
  "2": {
   "0.1": 1.7100000000000002,
   "0.3": 1.19,
   "0.5": 0.75,
   "0.7": 0.39000000000000007,
   "0.9": 0.10999999999999997
  },
  "3": {
   "0.1": 2.473545093603966,
   "0.3": 1.5926052184092532,
   "0.5": 0.9209585933443496,
   "0.7": 0.43460521840925376,
   "0.9": 0.10954509360396583
  },
  "4": {
   "0.1": 3.2046472589313195,
   "0.3": 1.9448239463988668,
   "0.5": 1.056602441389348,
   "0.7": 0.4656765839443001,
   "0.9": 0.10823523397026158
  },
  "5": {
   "0.1": 3.9114679857991796,
   "0.3": 2.26430966486544,
   "0.5": 1.1731727312266063,
   "0.7": 0.49164329987017635,
   "0.9": 0.10754114001240853
  },
  "6": {
   "0.1": 4.5994028860696865,
   "0.3": 2.5610466337148003,
   "0.5": 1.2780066696740784,
   "0.7": 0.5152129986781533,
   "0.9": 0.10754752423272343
  },
  "7": {
   "0.1": 5.272242721553819,
   "0.3": 2.8412032637957445,
   "0.5": 1.3748797096720025,
   "0.7": 0.5374049776024626,
   "0.9": 0.10810420516403738
  },
  "8": {
   "0.1": 5.932763757562596,
   "0.3": 3.1088234531075805,
   "0.5": 1.4659436104745545,
   "0.7": 0.5586626079998317,
   "0.9": 0.10905697987650617
  },
  "9": {
   "0.1": 6.5830634726374635,
   "0.3": 3.3666770377261033,
   "0.5": 1.5525327927574066,
   "0.7": 0.5792070505793487,
   "0.9": 0.11028728904889466
  },
  "10": {
   "0.1": 7.224765726634132,
   "0.3": 3.6167278671331493,
   "0.5": 1.6355338690612466,
   "0.7": 0.5991636839848222,
   "0.9": 0.11171049788133477
  },
  "11": {
   "0.1": 7.859152986616088,
   "0.3": 3.860409290195349,
   "0.5": 1.7155695149258876,
   "0.7": 0.6186121138336033,
   "0.9": 0.1132673784441859
  },
  "12": {
   "0.1": 8.48725504642831,
   "0.3": 4.0987942611290435,
   "0.5": 1.7930969139111261,
   "0.7": 0.6376078615960283,
   "0.9": 0.11491649824506511
  },
  "13": {
   "0.1": 9.109910509359013,
   "0.3": 4.332704204665276,
   "0.5": 1.8684639495953013,
   "0.7": 0.6561926138312316,
   "0.9": 0.1166286605999593
  },
  "14": {
   "0.1": 9.727810570306854,
   "0.3": 4.562780755607308,
   "0.5": 1.9419431060385817,
   "0.7": 0.6743994656021145,
   "0.9": 0.11838308193448233
  },
  "15": {
   "0.1": 10.341530926186115,
   "0.3": 4.789534237899474,
   "0.5": 2.0137529206813833,
   "0.7": 0.6922558011963529,
   "0.9": 0.12016480866246479
  },
  "16": {
   "0.1": 10.95155550474583,
   "0.3": 5.013377164853207,
   "0.5": 2.0840721311887753,
   "0.7": 0.7097849788015664,
   "0.9": 0.12196297199884677
  },
  "17": {
   "0.1": 11.558294420822296,
   "0.3": 5.234647862129768,
   "0.5": 2.153049341052635,
   "0.7": 0.727007370870342,
   "0.9": 0.12376960017880766
  },
  "18": {
   "0.1": 12.162097774777388,
   "0.3": 5.453627439515355,
   "0.5": 2.22080982870845,
   "0.7": 0.7439410384791548,
   "0.9": 0.1255788013874246
  }
 },
 "markov_d0.5": {
  "8": {
   "0.1": 2.025147152051503,
   "0.15": 2.1107391198151673,
   "0.2": 2.1057204808202448,
   "0.25": 2.047514799919792,
   "0.3": 1.9570086555799648,
   "0.4": 1.7251053495436033,
   "0.5": 1.4659436104745545
  },
  "10": {
   "0.1": 2.3597064885563466,
   "0.15": 2.4599763798391674,
   "0.2": 2.4447134481446198,
   "0.25": 2.3641484041060346,
   "0.3": 2.245593263865505,
   "0.4": 1.952850812839562,
   "0.5": 1.6355338690612466
  },
  "12": {
   "0.1": 2.678376625167136,
   "0.15": 2.7905163529598482,
   "0.2": 2.7639967119137916,
   "0.25": 2.661212551589249,
   "0.3": 2.515481999678176,
   "0.4": 2.164866021534218,
   "0.5": 1.7930969139111261
  },
  "14": {
   "0.1": 2.984618288872226,
   "0.15": 3.106815053856204,
   "0.2": 3.0685545904533935,
   "0.25": 2.9438462670328005,
   "0.3": 2.7717015880642464,
   "0.4": 2.3654730737354948,
   "0.5": 1.9419431060385817
  }
 },
 "timing_sec": {
  "1": 0.0,
  "2": 0.0,
  "3": 0.0,
  "4": 0.0,
  "5": 0.0,
  "6": 0.0,
  "7": 0.0,
  "8": 0.0,
  "9": 0.01,
  "10": 0.02,
  "11": 0.05,
  "12": 0.13,
  "13": 0.36,
  "14": 1.03,
  "15": 3.13,
  "16": 10.14,
  "17": 38.23,
  "18": 131.53
 }
}